stream,T_K,P_Pa,sum_Kz,converged,iterations,y_H2,rho_liquid,rho_vapor,liquid_roots,trivial
gas_feed,12,350000,1.0673530578763475,True,10,0.9993009889749189,53685.40312691782,53306.65601009924,1,False
gas_feed,15,350000,1.0822558513917804,True,9,0.9996319000565237,51627.60173667271,49585.857579913616,1,False
gas_feed,20,350000,1.070157891051363,True,2,1.0,48062.31377527462,2721.7613441339836,1,False
gas_feed,25,350000,2.824346708267098,True,2,0.9999999999999013,43808.22427583244,1887.5543086531852,2,False
gas_feed,30,350000,4.611553436953819,True,3,0.9999999998175304,36825.1086325696,1493.501320293687,2,False
gas_feed,40,350000,1.0000000000000002,True,15,0.9373828271473773,1124.5012550607862,1124.5012550600604,1,True
gas_feed,60,350000,1.0,True,10,0.9373828271466719,713.5986831794341,713.5986831794219,1,True
gas_feed,80,350000,1.0,True,8,0.9373828271467189,528.6964525489841,528.6964525489767,1,True
gas_feed,100,350000,1.0,True,7,0.9373828271467599,421.1197862387187,421.11978623871414,1,True
gas_feed,120,350000,1.0,True,7,0.937382827146616,350.2943782981539,350.29437829815373,1,True
gas_feed,150,350000,0.9999999999999999,True,6,0.9373828271466824,279.94552755565843,279.9455275556579,1,True
gas_feed,180,350000,1.0000000000000002,True,6,0.9373828271466148,233.22173778546824,233.22173778546824,1,True
gas_feed,210,350000,1.0,True,5,0.9373828271472613,199.90126446484302,199.90126446484172,1,True
gas_feed,240,350000,1.0,True,5,0.9373828271467884,174.9287097408715,174.9287097408713,1,True
gas_feed,270,350000,1.0,True,5,0.9373828271466659,155.51133287748772,155.5113328774877,1,True
gas_feed,300,350000,1.0,True,5,0.9373828271466285,139.9787771262159,139.9787771262159,1,True
M101_out,12,349999.999190983,285744654489654.2,True,2,0.9999999999994545,21765.276656275448,53284.789223394946,1,False
M101_out,15,349999.999190983,613210488.6481793,True,3,0.9999999996851344,23016.463725783928,49558.249401269306,1,False
M101_out,20,349999.999190983,51707.36919505219,True,2,1.0,24382.868605235897,2721.7613354810933,1,False
M101_out,25,349999.999190983,3116.6129483867267,True,2,1.0,25186.204218400795,1887.5543037218843,1,False
M101_out,30,349999.999190983,920.7795254743437,True,2,0.9999999999999692,25628.570587219318,1493.5013162542919,1,False
M101_out,40,349999.999190983,353.27761126741916,True,3,0.9999999998476078,25902.589034404064,1076.8168736937419,1,False
M101_out,60,349999.999190983,204.84374220766048,True,3,0.9999991827015997,25483.979950183206,703.425358553889,1,False
M101_out,80,349999.999190983,171.03436185857493,True,4,0.9999442362380938,24691.315835582667,525.0789491083731,1,False
M101_out,100,349999.999190983,154.3721705845952,True,4,0.999341473705296,23797.254291757814,419.4959578094444,1,False
M101_out,120,349999.999190983,141.57954453386722,True,4,0.9967266634550632,22856.37400101293,349.47858486324355,2,False
M101_out,150,349999.999190983,123.09498368464943,True,5,0.984347029389719,21345.272687860703,279.65097099519573,2,False
M101_out,180,349999.999190983,102.82174315828361,True,5,0.9560016513271281,19598.00195309303,233.158735213657,2,False
M101_out,210,349999.999190983,78.01080364147262,True,6,0.9044160329731911,17243.587073576287,199.9668814334228,2,False
M101_out,240,349999.999190983,0.9999999999999998,True,12,0.2768273572838213,181.30283425717377,181.30283425713407,1,True
M101_out,270,349999.999190983,0.9999999999999998,True,11,0.2768273572834652,159.58369574412296,159.58369574411273,1,True
M101_out,300,349999.999190983,0.9999999999999998,True,10,0.276827357283506,142.70804843135542,142.7080484313475,1,True
R101_out,12,349999.999190983,58219840209532.39,True,2,0.999999999999131,21954.14352252946,53284.78922340521,1,False
R101_out,15,349999.999190983,166847062.38377154,True,3,0.9999999995046236,23230.443094970677,49558.24941487915,1,False
R101_out,20,349999.999190983,19018.67201445769,True,2,1.0,24595.5800058816,2721.7613354810933,1,False
R101_out,25,349999.999190983,1340.964193864696,True,2,1.0,25375.305747339386,1887.5543037212865,1,False
R101_out,30,349999.999190983,430.37423447716316,True,2,0.999999999999947,25788.35328852107,1493.5013162547596,1,False
R101_out,40,349999.999190983,178.14258528813937,True,3,0.9999999997227945,26009.72924101792,1076.816873771403,1,False
R101_out,60,349999.999190983,109.45589153529988,True,3,0.9999984293818556,25527.730849927484,703.4254651014633,1,False
R101_out,80,349999.999190983,94.32390063556602,True,4,0.9998904584144154,24711.22277614694,525.0817047181224,1,False
R101_out,100,349999.999190983,87.23006608075633,True,4,0.9986948978549974,23819.496162204552,419.5111059687616,1,False
R101_out,120,349999.999190983,81.84502140761433,True,5,0.9935070949550542,22901.19356425171,349.51859850028086,2,False
R101_out,150,349999.999190983,74.08350486726795,True,5,0.9693692973697849,21458.548122644082,279.7394049428562,2,False
R101_out,180,349999.999190983,65.5855142270566,True,6,0.916906753830614,19834.77766100894,233.29270862659976,2,False
R101_out,210,349999.999190983,54.78554457952506,True,6,0.8314930366616307,17751.772067917133,200.1373683758704,2,False
R101_out,240,349999.999190983,34.005699743041404,True,6,0.6754005633762512,13444.538921872847,175.3608350721003,2,False
R101_out,270,349999.999190983,1.0,True,10,0.16147697533929378,159.75045928623612,159.75045928622268,1,True
R101_out,300,349999.999190983,0.9999999999999999,True,9,0.16147697533955277,142.82557909050863,142.8255790904905,1,True
F101_vapor,12,349999.999190983,86841.6865227216,True,3,0.99999999927346,28099.216890500844,53284.78924640919,1,False
F101_vapor,15,349999.999190983,715.8511334964074,True,3,0.9999999640672832,29334.60616903122,49558.25208671986,1,False
F101_vapor,20,349999.999190983,33.23860283414909,True,2,1.0,30395.59267757154,2721.7613354810933,1,False
F101_vapor,25,349999.999190983,28.395767968739026,True,2,0.9999999999999999,30808.401108349673,1887.5543037212872,1,False
F101_vapor,30,349999.999190983,30.16313464138288,True,2,0.9999999999999006,30899.16810163579,1493.501316254851,1,False
F101_vapor,40,349999.999190983,36.245503753615665,True,3,0.9999999996166927,30645.891045172055,1076.816873837421,1,False
F101_vapor,60,349999.999190983,46.72262836074324,True,3,0.999998171102896,29556.752432289824,703.425501631843,1,False
F101_vapor,80,349999.999190983,53.12390163041958,True,4,0.9998767501246479,28256.61550962043,525.0824072291789,1,False
F101_vapor,100,349999.999190983,55.584630171674064,True,4,0.9985144755293767,26877.827192824556,419.515339216031,2,False
F101_vapor,120,349999.999190983,54.63305054207448,True,5,0.9923320679374713,25404.371672924786,349.53331399234173,2,False
F101_vapor,150,349999.999190983,47.93089936123853,True,6,0.9600259631417143,22789.84897626822,279.7968140846161,2,False
F101_vapor,180,349999.999190983,33.15901948137634,True,6,0.8609870161052648,18370.54860887139,233.51234718300634,2,False
F101_vapor,210,349999.999190983,1.0,True,10,0.1859179132269708,205.69823721499588,205.69823721498406,1,True
F101_vapor,240,349999.999190983,0.9999999999999957,True,9,0.18591791322700554,178.45203526325398,178.45203526319946,1,True
F101_vapor,270,349999.999190983,1.0,True,9,0.185917913226798,157.78199403074186,157.7819940307414,1,True
F101_vapor,300,349999.999190983,1.0000000000000002,True,8,0.1859179132268953,141.5080343107962,141.5080343107944,1,True
