stream,kind,T_stream_K,P_Pa,T_start_K,incipient_guess,termination,T_solution_K,in_stream_envelope,fractions_ok,sum_error,rho_liquid,rho_vapor,branch_liquid,branch_vapor,shared_root,composition_distance,mass_ordered,fugacity_residual,accepted,reason
gas_feed,bub,303.2,350000,80,"(0.999, 0.001, 1e-08, 1e-08)",convergenceCriteriaSatisfied,21.040933757077116,False,False,2.732226667134796e-10,47263.28330219721,47263.28355359966,Unspecified,Unspecified,False,9.286528941665484e-09,False,1.3479145621886346e-05,False,"fractions,composition_distance,mass_ordered,residual"
gas_feed,bub,303.2,350000,80,"(0.5, 0.3, 0.1, 0.1)",iterationLimit,135.56650533287464,False,,,,,,,,,,,,
gas_feed,bub,303.2,350000,120,"(0.999, 0.001, 1e-08, 1e-08)",iterationLimit,31.862293596135167,False,,,,,,,,,,,,
gas_feed,bub,303.2,350000,120,"(0.5, 0.3, 0.1, 0.1)",convergenceCriteriaSatisfied,238.68285631715685,False,True,2.3381296898605797e-13,175.89317988231213,175.8931798828756,Unspecified,Unspecified,True,5.483296307783568e-10,False,8.774223004236192e-06,False,"distinct_root,composition_distance,mass_ordered,residual"
gas_feed,bub,303.2,350000,160,"(0.999, 0.001, 1e-08, 1e-08)",convergenceCriteriaSatisfied,19.737787664380473,False,True,2.2648549702353193e-14,48259.039243700616,2798.6161685425573,Unspecified,Vapor,False,0.06261717237597308,True,135.46444366427798,False,residual
gas_feed,bub,303.2,350000,160,"(0.5, 0.3, 0.1, 0.1)",convergenceCriteriaSatisfied,1496.0401319795,False,False,5.347440268366199e-10,28.119728632072313,28.11972863225078,Unspecified,Unspecified,True,2.0438899461794335e-09,True,2.5408473872026455e-05,False,"fractions,distinct_root,composition_distance,residual"
gas_feed,bub,303.2,350000,210,"(0.999, 0.001, 1e-08, 1e-08)",convergenceCriteriaSatisfied,21.040865742272576,False,False,3.129965175929783e-10,47263.33656110704,47263.33684456445,Unspecified,Unspecified,False,1.044080407547332e-08,False,1.6529527925968068e-05,False,"fractions,composition_distance,mass_ordered,residual"
gas_feed,bub,303.2,350000,210,"(0.5, 0.3, 0.1, 0.1)",convergenceCriteriaSatisfied,1497.1806075675668,False,False,1.1642061759076228e-09,28.098321486571102,28.098321486959186,Unspecified,Unspecified,True,4.4515219288499e-09,True,5.523475063878413e-05,False,"fractions,distinct_root,composition_distance,residual"
gas_feed,bub,303.2,350000,300,"(0.999, 0.001, 1e-08, 1e-08)",iterationLimit,21.042854457050566,False,,,,,,,,,,,,
gas_feed,bub,303.2,350000,300,"(0.5, 0.3, 0.1, 0.1)",convergenceCriteriaSatisfied,1485.8601272722046,False,False,2.6925461860116684e-10,28.31226603941138,28.312266039501075,Unspecified,Unspecified,True,1.0264974426021922e-09,True,1.3616885159564718e-05,False,"fractions,distinct_root,composition_distance,residual"
gas_feed,bub,303.2,350000,400,"(0.999, 0.001, 1e-08, 1e-08)",iterationLimit,28.429748063319497,False,,,,,,,,,,,,
gas_feed,bub,303.2,350000,400,"(0.5, 0.3, 0.1, 0.1)",convergenceCriteriaSatisfied,1490.8182917315055,False,True,3.1847191550582465e-11,28.218162549536256,28.21816254952552,Unspecified,Unspecified,True,1.2147727268541075e-10,False,1.5790400882298612e-06,False,"distinct_root,composition_distance,mass_ordered,residual"
gas_feed,dew,303.2,350000,80,"(0.0001, 0.001, 0.5, 0.4989)",convergenceCriteriaSatisfied,227.64985238498272,False,True,0.0,10234.509833956447,184.41087270818653,Unspecified,Unspecified,False,0.9367713762459028,True,2.7052185075371327e-09,True,
gas_feed,dew,303.2,350000,120,"(0.0001, 0.001, 0.5, 0.4989)",convergenceCriteriaSatisfied,227.64985241280658,False,True,0.0,10234.509833644568,184.41087268557177,Unspecified,Unspecified,False,0.9367713762458998,True,2.3457953027966605e-11,True,
gas_feed,dew,303.2,350000,160,"(0.0001, 0.001, 0.5, 0.4989)",convergenceCriteriaSatisfied,227.64985241271285,False,True,0.0,10234.509833645494,184.41087268569353,Unspecified,Unspecified,False,0.936771376245902,True,3.438437728986443e-11,True,
gas_feed,dew,303.2,350000,210,"(0.0001, 0.001, 0.5, 0.4989)",convergenceCriteriaSatisfied,227.64985241277253,False,True,0.0,10234.509833644834,184.41087268569106,Unspecified,Unspecified,False,0.936771376245902,True,2.9358165638121436e-11,True,
gas_feed,dew,303.2,350000,300,"(0.0001, 0.001, 0.5, 0.4989)",convergenceCriteriaSatisfied,227.64985241308062,False,True,0.0,10234.50983364234,184.41087268534994,Unspecified,Unspecified,False,0.9367713762458819,True,2.9013696827007163e-11,True,
gas_feed,dew,303.2,350000,400,"(0.0001, 0.001, 0.5, 0.4989)",convergenceCriteriaSatisfied,567.083984813268,True,True,2.8177127298079085e-11,74.11718157544549,74.11718157541817,Unspecified,Unspecified,True,5.138828840266837e-10,False,8.223170260550795e-06,False,"distinct_root,composition_distance,mass_ordered,residual"
liquid_feed,bub,303.2,350000,80,"(0.999, 0.001, 1e-08, 1e-08)",convergenceCriteriaSatisfied,105.89260329814483,False,True,0.0,11558.988784535803,396.09047249622444,Unspecified,Unspecified,False,0.999866688882944,True,15.40904801908351,False,residual
liquid_feed,bub,303.2,350000,80,"(0.5, 0.3, 0.1, 0.1)",locallyInfeasible,58.8239475376966,False,,,,,,,,,,,,
liquid_feed,bub,303.2,350000,120,"(0.999, 0.001, 1e-08, 1e-08)",convergenceCriteriaSatisfied,105.89260404907226,False,True,0.0,11558.988772542149,396.0904696833165,Unspecified,Unspecified,False,0.9998666888617577,True,17.755746598604127,False,residual
liquid_feed,bub,303.2,350000,120,"(0.5, 0.3, 0.1, 0.1)",locallyInfeasible,58.824237927423,False,,,,,,,,,,,,
liquid_feed,bub,303.2,350000,160,"(0.999, 0.001, 1e-08, 1e-08)",convergenceCriteriaSatisfied,105.89260349054958,False,True,0.0,11558.988781462756,396.09047177464186,Unspecified,Unspecified,False,0.999866688882944,True,15.409087416967827,False,residual
liquid_feed,bub,303.2,350000,160,"(0.5, 0.3, 0.1, 0.1)",locallyInfeasible,58.82430992069971,False,,,,,,,,,,,,
liquid_feed,bub,303.2,350000,210,"(0.999, 0.001, 1e-08, 1e-08)",convergenceCriteriaSatisfied,105.89260345373486,False,True,1.1102230246251565e-16,11558.988782050748,396.0904719126929,Unspecified,Unspecified,False,0.9998666888829437,True,15.409222267324816,False,residual
liquid_feed,bub,303.2,350000,210,"(0.5, 0.3, 0.1, 0.1)",convergenceCriteriaSatisfied,105.89260382296516,False,True,0.0,11558.988776153434,396.09047052825866,Unspecified,Unspecified,False,0.9998666888828553,True,15.447886927619663,False,residual
liquid_feed,bub,303.2,350000,300,"(0.999, 0.001, 1e-08, 1e-08)",convergenceCriteriaSatisfied,105.89260325272822,False,True,0.0,11558.988785261185,396.09047266692056,Unspecified,Unspecified,False,0.9998666888788893,True,16.44180555101499,False,residual
liquid_feed,bub,303.2,350000,300,"(0.5, 0.3, 0.1, 0.1)",convergenceCriteriaSatisfied,432.7280308263175,True,True,1.1324274851176597e-14,7830.058888393271,105.28876407401428,Liquid,Vapor,False,0.017359866305569183,True,4.703280730614101e-06,False,residual
liquid_feed,bub,303.2,350000,400,"(0.999, 0.001, 1e-08, 1e-08)",convergenceCriteriaSatisfied,105.89260345306755,False,True,0.0,11558.988782061417,396.0904719163808,Unspecified,Unspecified,False,0.9998666888747182,True,16.950099063854175,False,residual
liquid_feed,bub,303.2,350000,400,"(0.5, 0.3, 0.1, 0.1)",convergenceCriteriaSatisfied,432.7280323996425,True,True,4.218847493575595e-15,7830.058869151604,105.2887641741374,Liquid,Vapor,False,0.017359835736963092,True,1.1752067427123203e-06,False,residual
liquid_feed,dew,303.2,350000,80,"(0.0001, 0.001, 0.5, 0.4989)",convergenceCriteriaSatisfied,179.3538134102797,False,True,8.281908492335788e-11,10529.72580691018,10529.725807732153,Unspecified,Unspecified,True,3.4754588096319594e-10,True,4.367797897586456e-06,False,"distinct_root,composition_distance,residual"
liquid_feed,dew,303.2,350000,120,"(0.0001, 0.001, 0.5, 0.4989)",convergenceCriteriaSatisfied,37.70335652122709,False,False,1.1391465548626911e-10,11131.204339289132,11131.204340745115,Unspecified,Unspecified,False,4.665943187376342e-10,True,5.11523711566042e-06,False,"fractions,composition_distance,residual"
liquid_feed,dew,303.2,350000,160,"(0.0001, 0.001, 0.5, 0.4989)",convergenceCriteriaSatisfied,433.6141055497675,True,True,9.769962616701378e-15,7818.969384985223,105.35789241531741,Liquid,Vapor,False,9.588156267215098e-05,True,0.0001247097793195262,False,"composition_distance,residual"
liquid_feed,dew,303.2,350000,210,"(0.0001, 0.001, 0.5, 0.4989)",convergenceCriteriaSatisfied,30.27644612793394,False,False,1.3414480637408133e-10,10618.530045409165,10618.530047453482,Unspecified,Unspecified,False,5.473301811775855e-10,True,8.103237184364787e-06,False,"fractions,composition_distance,residual"
liquid_feed,dew,303.2,350000,300,"(0.0001, 0.001, 0.5, 0.4989)",convergenceCriteriaSatisfied,433.61410487963445,True,True,1.899813639738568e-12,7818.969357136054,105.35789262015965,Liquid,Vapor,False,9.589466688164627e-05,True,0.08072991980505918,False,"composition_distance,residual"
liquid_feed,dew,303.2,350000,400,"(0.0001, 0.001, 0.5, 0.4989)",convergenceCriteriaSatisfied,433.61410459378277,True,True,2.8133051444001467e-12,7818.969345251895,105.35789270753708,Liquid,Vapor,False,9.590025177985684e-05,True,0.10626069484331364,False,"composition_distance,residual"
M101_out,bub,324.5070746530942,349999.999190983,80,"(0.999, 0.001, 1e-08, 1e-08)",locallyInfeasible,92.45118279503538,False,,,,,,,,,,,,
M101_out,bub,324.5070746530942,349999.999190983,80,"(0.5, 0.3, 0.1, 0.1)",convergenceCriteriaSatisfied,234.50475569360245,False,False,3.654405666964067e-10,185.98811992921915,185.98811985462083,Unspecified,Unspecified,False,1.9805166812103536e-09,True,3.301667511612649e-08,False,"fractions,composition_distance,residual"
M101_out,bub,324.5070746530942,349999.999190983,120,"(0.999, 0.001, 1e-08, 1e-08)",locallyInfeasible,94.6623733875143,False,,,,,,,,,,,,
M101_out,bub,324.5070746530942,349999.999190983,120,"(0.5, 0.3, 0.1, 0.1)",locallyInfeasible,91.76030504144458,False,,,,,,,,,,,,
M101_out,bub,324.5070746530942,349999.999190983,160,"(0.999, 0.001, 1e-08, 1e-08)",convergenceCriteriaSatisfied,541.694844759947,True,False,1.2525152026654496e-09,77.84543051261198,77.84543050377447,Unspecified,Unspecified,False,6.822211011392465e-09,True,1.1593729755572657e-07,False,"fractions,composition_distance,residual"
M101_out,bub,324.5070746530942,349999.999190983,160,"(0.5, 0.3, 0.1, 0.1)",locallyInfeasible,92.54739515084394,False,,,,,,,,,,,,
M101_out,bub,324.5070746530942,349999.999190983,210,"(0.999, 0.001, 1e-08, 1e-08)",locallyInfeasible,191.61020028224183,False,,,,,,,,,,,,
M101_out,bub,324.5070746530942,349999.999190983,210,"(0.5, 0.3, 0.1, 0.1)",locallyInfeasible,91.76621364644603,False,,,,,,,,,,,,
M101_out,bub,324.5070746530942,349999.999190983,300,"(0.999, 0.001, 1e-08, 1e-08)",convergenceCriteriaSatisfied,569.7916688702339,True,True,1.951361294771914e-11,73.97258446928261,73.97258446918846,Unspecified,Unspecified,True,1.0427395752410362e-10,True,1.772395417931616e-09,False,"distinct_root,composition_distance"
M101_out,bub,324.5070746530942,349999.999190983,300,"(0.5, 0.3, 0.1, 0.1)",convergenceCriteriaSatisfied,234.482904652984,False,True,7.801903567639101e-11,186.0072708729612,186.00727085676596,Unspecified,Unspecified,True,4.239801704164492e-10,True,7.066143947742631e-09,False,"distinct_root,composition_distance"
M101_out,bub,324.5070746530942,349999.999190983,400,"(0.999, 0.001, 1e-08, 1e-08)",convergenceCriteriaSatisfied,234.4842988565942,False,True,3.9601655288379334e-13,186.00604882186457,186.00604882181793,Unspecified,Unspecified,True,1.7876464197819075e-12,True,2.9561519898635424e-11,False,"distinct_root,composition_distance"
M101_out,bub,324.5070746530942,349999.999190983,400,"(0.5, 0.3, 0.1, 0.1)",convergenceCriteriaSatisfied,234.58501989676168,False,False,1.4376677626160017e-10,185.91781027854606,185.91781017248093,Unspecified,Unspecified,False,2.670043797170507e-09,True,4.4466527265862865e-08,False,"fractions,composition_distance,residual"
M101_out,dew,324.5070746530942,349999.999190983,80,"(0.0001, 0.001, 0.5, 0.4989)",convergenceCriteriaSatisfied,366.2839126392047,True,False,1.573722818726253e-09,8784.98501373723,115.94957072197268,Liquid,Unspecified,False,0.6982040106243143,True,3.073979900016302e-06,False,"fractions,residual"
M101_out,dew,324.5070746530942,349999.999190983,120,"(0.0001, 0.001, 0.5, 0.4989)",convergenceCriteriaSatisfied,366.2839104197019,True,True,1.1102230246251565e-16,8784.98502123948,115.94957144573205,Liquid,Unspecified,False,0.698204015495721,True,1.763311718860905e-13,True,
M101_out,dew,324.5070746530942,349999.999190983,160,"(0.0001, 0.001, 0.5, 0.4989)",convergenceCriteriaSatisfied,366.2839104178449,True,True,1.1102230246251565e-16,8784.985021259072,115.94957144627857,Liquid,Unspecified,False,0.6982040154957884,True,3.2937479133021696e-11,True,
M101_out,dew,324.5070746530942,349999.999190983,210,"(0.0001, 0.001, 0.5, 0.4989)",convergenceCriteriaSatisfied,366.28391041972446,True,True,1.1102230246251565e-16,8784.985021239048,115.94957144572467,Liquid,Unspecified,False,0.6982040154957071,True,3.920399942181074e-11,True,
M101_out,dew,324.5070746530942,349999.999190983,300,"(0.0001, 0.001, 0.5, 0.4989)",convergenceCriteriaSatisfied,366.2839104196909,True,True,1.1102230246251565e-16,8784.985021239381,115.9495714456766,Liquid,Unspecified,False,0.6982040154957234,True,3.799534471771171e-11,True,
M101_out,dew,324.5070746530942,349999.999190983,400,"(0.0001, 0.001, 0.5, 0.4989)",convergenceCriteriaSatisfied,366.2839104197149,True,True,1.1102230246251565e-16,8784.985021239365,115.94957144566878,Liquid,Unspecified,False,0.6982040154957116,True,3.5790120866963093e-13,True,
R101_out,bub,771.8571087146084,349999.999190983,80,"(0.999, 0.001, 1e-08, 1e-08)",locallyInfeasible,89.38385813090409,False,,,,,,,,,,,,
R101_out,bub,771.8571087146084,349999.999190983,80,"(0.5, 0.3, 0.1, 0.1)",convergenceCriteriaSatisfied,241.88546179885242,False,True,1.0237033443161181e-11,179.99639704105277,179.99639703631942,Unspecified,Unspecified,True,1.1460588034140073e-10,True,2.2922212461473634e-09,False,"distinct_root,composition_distance"
R101_out,bub,771.8571087146084,349999.999190983,120,"(0.999, 0.001, 1e-08, 1e-08)",locallyInfeasible,92.51286653211838,False,,,,,,,,,,,,
R101_out,bub,771.8571087146084,349999.999190983,120,"(0.5, 0.3, 0.1, 0.1)",locallyInfeasible,88.5736356281231,False,,,,,,,,,,,,
R101_out,bub,771.8571087146084,349999.999190983,160,"(0.999, 0.001, 1e-08, 1e-08)",convergenceCriteriaSatisfied,321.9474425172285,True,False,1.4611911680617595e-10,132.62771298503733,132.62771297636024,Unspecified,Unspecified,True,8.733229486801442e-10,True,2.2563872922876094e-08,False,"fractions,distinct_root,composition_distance,residual"
R101_out,bub,771.8571087146084,349999.999190983,160,"(0.5, 0.3, 0.1, 0.1)",locallyInfeasible,89.7910739570586,False,,,,,,,,,,,,
R101_out,bub,771.8571087146084,349999.999190983,210,"(0.999, 0.001, 1e-08, 1e-08)",convergenceCriteriaSatisfied,30.719352600050648,False,True,3.9302006094033004e-11,25826.332951631066,25826.332951292818,Unspecified,Unspecified,True,2.4818488930655747e-10,False,6.621689863095526e-09,False,"distinct_root,composition_distance,mass_ordered"
R101_out,bub,771.8571087146084,349999.999190983,210,"(0.5, 0.3, 0.1, 0.1)",locallyInfeasible,88.5859556395939,False,,,,,,,,,,,,
R101_out,bub,771.8571087146084,349999.999190983,300,"(0.999, 0.001, 1e-08, 1e-08)",convergenceCriteriaSatisfied,314.48413737583274,True,False,1.4776124768189902e-10,135.92182083764658,135.92182082798945,Unspecified,Unspecified,True,8.869999040816978e-10,True,2.2907072627642577e-08,False,"fractions,distinct_root,composition_distance,residual"
R101_out,bub,771.8571087146084,349999.999190983,300,"(0.5, 0.3, 0.1, 0.1)",convergenceCriteriaSatisfied,241.98607611834646,False,False,7.282987546375352e-10,179.91413771217518,179.91413757269368,Unspecified,Unspecified,False,4.406965729841783e-09,True,1.1286993337189521e-07,False,"fractions,composition_distance,residual"
R101_out,bub,771.8571087146084,349999.999190983,400,"(0.999, 0.001, 1e-08, 1e-08)",convergenceCriteriaSatisfied,32.41295324042646,False,False,5.946194647776792e-10,25898.969207352406,25898.96921348727,Unspecified,Unspecified,False,4.040421525131066e-09,True,8.611971225036541e-08,False,"fractions,composition_distance,residual"
R101_out,bub,771.8571087146084,349999.999190983,400,"(0.5, 0.3, 0.1, 0.1)",convergenceCriteriaSatisfied,241.97440518466885,False,False,7.333629259420604e-10,179.9236753910776,179.92367525076781,Unspecified,Unspecified,False,4.438587802857441e-09,True,1.1368211541573636e-07,False,"fractions,composition_distance,residual"
R101_out,dew,771.8571087146084,349999.999190983,80,"(0.0001, 0.001, 0.5, 0.4989)",convergenceCriteriaSatisfied,350.9113198685367,True,True,5.639932965095795e-14,9721.24385749278,121.26594884489947,Liquid,Unspecified,False,0.6215308993571995,True,1.7971658081844533e-08,False,residual
R101_out,dew,771.8571087146084,349999.999190983,120,"(0.0001, 0.001, 0.5, 0.4989)",convergenceCriteriaSatisfied,350.91131980359506,True,True,0.0,9721.243858278522,121.26594886816072,Liquid,Unspecified,False,0.6215308993581788,True,2.224084749702371e-09,True,
R101_out,dew,771.8571087146084,349999.999190983,160,"(0.0001, 0.001, 0.5, 0.4989)",convergenceCriteriaSatisfied,350.91131986886313,True,True,0.0,9721.243857508518,121.26594884478268,Liquid,Unspecified,False,0.6215308993569115,True,2.4493601591402125e-13,True,
R101_out,dew,771.8571087146084,349999.999190983,210,"(0.0001, 0.001, 0.5, 0.4989)",convergenceCriteriaSatisfied,350.9113198629607,True,True,0.0,9721.243857578114,121.26594884689406,Liquid,Unspecified,False,0.6215308993570289,True,2.013896827079975e-10,True,
R101_out,dew,771.8571087146084,349999.999190983,300,"(0.0001, 0.001, 0.5, 0.4989)",convergenceCriteriaSatisfied,350.91131986816066,True,True,2.220446049250313e-16,9721.243857516794,121.26594884506497,Liquid,Unspecified,False,0.6215308993569271,True,2.3937546389518616e-11,True,
R101_out,dew,771.8571087146084,349999.999190983,400,"(0.0001, 0.001, 0.5, 0.4989)",convergenceCriteriaSatisfied,350.911319867232,True,True,0.0,9721.243857527785,121.26594884536615,Liquid,Unspecified,False,0.6215308993569432,True,5.3968801649872944e-11,True,
F101_vapor,bub,325.0,349999.999190983,80,"(0.999, 0.001, 1e-08, 1e-08)",locallyInfeasible,24.859492747796722,False,,,,,,,,,,,,
F101_vapor,bub,325.0,349999.999190983,80,"(0.5, 0.3, 0.1, 0.1)",locallyInfeasible,29.143900533940634,False,,,,,,,,,,,,
F101_vapor,bub,325.0,349999.999190983,120,"(0.999, 0.001, 1e-08, 1e-08)",locallyInfeasible,30.292768138017298,False,,,,,,,,,,,,
F101_vapor,bub,325.0,349999.999190983,120,"(0.5, 0.3, 0.1, 0.1)",iterationLimit,25.351198759977812,False,,,,,,,,,,,,
F101_vapor,bub,325.0,349999.999190983,160,"(0.999, 0.001, 1e-08, 1e-08)",iterationLimit,25.952074216046483,False,,,,,,,,,,,,
F101_vapor,bub,325.0,349999.999190983,160,"(0.5, 0.3, 0.1, 0.1)",locallyInfeasible,26.534052200345442,False,,,,,,,,,,,,
F101_vapor,bub,325.0,349999.999190983,210,"(0.999, 0.001, 1e-08, 1e-08)",locallyInfeasible,36.7243520520063,False,,,,,,,,,,,,
F101_vapor,bub,325.0,349999.999190983,210,"(0.5, 0.3, 0.1, 0.1)",convergenceCriteriaSatisfied,187.29053347712167,False,True,4.545919196630166e-11,233.04690358245045,233.0469036000614,Unspecified,Unspecified,True,3.282025692885604e-10,False,3.685370669748167e-08,False,"distinct_root,composition_distance,mass_ordered,residual"
F101_vapor,bub,325.0,349999.999190983,300,"(0.999, 0.001, 1e-08, 1e-08)",convergenceCriteriaSatisfied,219.72656904250468,False,True,1.408229088895041e-11,195.95174444799554,195.9517444509266,Unspecified,Unspecified,True,7.798389364821467e-11,False,8.76713521225092e-09,False,"distinct_root,composition_distance,mass_ordered"
F101_vapor,bub,325.0,349999.999190983,300,"(0.5, 0.3, 0.1, 0.1)",convergenceCriteriaSatisfied,187.32284213338892,False,False,1.145206596220305e-09,233.00243416895432,233.0024346202875,Unspecified,Unspecified,False,7.971518622279516e-09,False,8.947879094889366e-07,False,"fractions,composition_distance,mass_ordered,residual"
F101_vapor,bub,325.0,349999.999190983,400,"(0.999, 0.001, 1e-08, 1e-08)",iterationLimit,44.01124568872598,False,,,,,,,,,,,,
F101_vapor,bub,325.0,349999.999190983,400,"(0.5, 0.3, 0.1, 0.1)",convergenceCriteriaSatisfied,187.32994094566558,False,False,5.43933009744535e-10,232.9926658621577,232.99266564366152,Unspecified,Unspecified,False,4.114724264439595e-09,True,4.620804513466581e-07,False,"fractions,composition_distance,residual"
F101_vapor,dew,325.0,349999.999190983,80,"(0.0001, 0.001, 0.5, 0.4989)",convergenceCriteriaSatisfied,324.080155735884,True,True,1.3282708266615373e-12,10263.956193417409,130.73337918165026,Liquid,Unspecified,False,0.7154606772109193,True,5.2277476208506535e-06,False,residual
F101_vapor,dew,325.0,349999.999190983,120,"(0.0001, 0.001, 0.5, 0.4989)",convergenceCriteriaSatisfied,324.08015578881424,True,True,0.0,10263.956198891068,130.73337915980525,Liquid,Unspecified,False,0.7154606771525793,True,3.2977754554908145e-10,True,
F101_vapor,dew,325.0,349999.999190983,160,"(0.0001, 0.001, 0.5, 0.4989)",convergenceCriteriaSatisfied,324.0801557967416,True,True,0.0,10263.956198797045,130.73337915653354,Liquid,Unspecified,False,0.71546067715245,True,3.9027576309580425e-11,True,
F101_vapor,dew,325.0,349999.999190983,210,"(0.0001, 0.001, 0.5, 0.4989)",convergenceCriteriaSatisfied,324.08015579657723,True,True,0.0,10263.956198798774,130.7333791566014,Liquid,Unspecified,False,0.7154606771524543,True,7.199435492211137e-12,True,
F101_vapor,dew,325.0,349999.999190983,300,"(0.0001, 0.001, 0.5, 0.4989)",convergenceCriteriaSatisfied,324.0801557169351,True,True,0.0,10263.956199865452,130.73337918947067,Liquid,Unspecified,False,0.7154606771523129,True,3.597726089266118e-09,True,
F101_vapor,dew,325.0,349999.999190983,400,"(0.0001, 0.001, 0.5, 0.4989)",convergenceCriteriaSatisfied,324.08015579779993,True,True,0.0,10263.956198786907,130.73337915609676,Liquid,Unspecified,False,0.7154606771522442,True,4.02571760649284e-11,True,
F102_feed,bub,325.0,349999.999190983,80,"(0.999, 0.001, 1e-08, 1e-08)",locallyInfeasible,68.30858846181438,False,,,,,,,,,,,,
F102_feed,bub,325.0,349999.999190983,80,"(0.5, 0.3, 0.1, 0.1)",locallyInfeasible,10.000000003367925,False,,,,,,,,,,,,
F102_feed,bub,325.0,349999.999190983,120,"(0.999, 0.001, 1e-08, 1e-08)",locallyInfeasible,74.0062645543595,False,,,,,,,,,,,,
F102_feed,bub,325.0,349999.999190983,120,"(0.5, 0.3, 0.1, 0.1)",locallyInfeasible,10.000000012565847,False,,,,,,,,,,,,
F102_feed,bub,325.0,349999.999190983,160,"(0.999, 0.001, 1e-08, 1e-08)",locallyInfeasible,68.88330603803796,False,,,,,,,,,,,,
F102_feed,bub,325.0,349999.999190983,160,"(0.5, 0.3, 0.1, 0.1)",convergenceCriteriaSatisfied,113.7446411626214,False,False,1.1436596114577924e-09,13044.200258634446,13044.200315219809,Unspecified,Unspecified,False,6.66433850864207e-09,True,0.6716775668059434,False,"fractions,composition_distance,residual"
F102_feed,bub,325.0,349999.999190983,210,"(0.999, 0.001, 1e-08, 1e-08)",locallyInfeasible,70.08273603890302,False,,,,,,,,,,,,
F102_feed,bub,325.0,349999.999190983,210,"(0.5, 0.3, 0.1, 0.1)",locallyInfeasible,10.000000003343567,False,,,,,,,,,,,,
F102_feed,bub,325.0,349999.999190983,300,"(0.999, 0.001, 1e-08, 1e-08)",locallyInfeasible,68.89981232146938,False,,,,,,,,,,,,
F102_feed,bub,325.0,349999.999190983,300,"(0.5, 0.3, 0.1, 0.1)",convergenceCriteriaSatisfied,406.60377016530157,True,True,0.0,9192.137693837207,111.33429776903333,Liquid,Vapor,False,0.10736754377682373,True,0.757753486803185,False,residual
F102_feed,bub,325.0,349999.999190983,400,"(0.999, 0.001, 1e-08, 1e-08)",locallyInfeasible,78.35897012360137,False,,,,,,,,,,,,
F102_feed,bub,325.0,349999.999190983,400,"(0.5, 0.3, 0.1, 0.1)",convergenceCriteriaSatisfied,406.6037710133584,True,True,0.0,9192.137681839926,111.33429781752865,Liquid,Vapor,False,0.1073675412124308,True,0.7553346378969541,False,residual
F102_feed,dew,325.0,349999.999190983,80,"(0.0001, 0.001, 0.5, 0.4989)",convergenceCriteriaSatisfied,180.9724261854017,False,False,5.968425753621887e-10,12017.364734385576,12017.364706751414,Unspecified,Unspecified,False,3.5601575780173914e-09,False,0.4131132052594655,False,"fractions,composition_distance,mass_ordered,residual"
F102_feed,dew,325.0,349999.999190983,120,"(0.0001, 0.001, 0.5, 0.4989)",convergenceCriteriaSatisfied,546.6637959808781,True,False,6.330571622470416e-10,79.39968200046539,79.3996820193463,Unspecified,Unspecified,False,3.771358144614932e-09,False,0.4329901278296966,False,"fractions,composition_distance,mass_ordered,residual"
F102_feed,dew,325.0,349999.999190983,160,"(0.0001, 0.001, 0.5, 0.4989)",convergenceCriteriaSatisfied,159.65330104182215,False,False,6.030944632584578e-10,12322.770662456887,12322.770633418795,Unspecified,Unspecified,False,3.6253882788386924e-09,False,0.41929459758302734,False,"fractions,composition_distance,mass_ordered,residual"
F102_feed,dew,325.0,349999.999190983,210,"(0.0001, 0.001, 0.5, 0.4989)",convergenceCriteriaSatisfied,545.4459838735551,True,False,6.276823505402263e-10,79.59379612117382,79.59379614026152,Unspecified,Unspecified,False,3.781608779123725e-09,False,0.43394487483359945,False,"fractions,composition_distance,mass_ordered,residual"
F102_feed,dew,325.0,349999.999190983,300,"(0.0001, 0.001, 0.5, 0.4989)",convergenceCriteriaSatisfied,411.19791864435166,True,True,0.0,8906.287743410932,110.15169477583302,Liquid,Vapor,False,0.14959327524004587,True,0.06461139636750181,False,residual
F102_feed,dew,325.0,349999.999190983,400,"(0.0001, 0.001, 0.5, 0.4989)",convergenceCriteriaSatisfied,411.19791864619185,True,True,2.220446049250313e-16,8906.287743387446,110.15169477522859,Liquid,Vapor,False,0.14959327523886493,True,0.06452499378478041,False,residual
F102_vapor,bub,375.0,150000.0,80,"(0.999, 0.001, 1e-08, 1e-08)",locallyInfeasible,73.37655595879097,False,,,,,,,,,,,,
F102_vapor,bub,375.0,150000.0,80,"(0.5, 0.3, 0.1, 0.1)",locallyInfeasible,10.00000000336189,False,,,,,,,,,,,,
F102_vapor,bub,375.0,150000.0,120,"(0.999, 0.001, 1e-08, 1e-08)",locallyInfeasible,79.38975546499168,False,,,,,,,,,,,,
F102_vapor,bub,375.0,150000.0,120,"(0.5, 0.3, 0.1, 0.1)",locallyInfeasible,10.000000003361642,False,,,,,,,,,,,,
F102_vapor,bub,375.0,150000.0,160,"(0.999, 0.001, 1e-08, 1e-08)",locallyInfeasible,74.0284683229295,False,,,,,,,,,,,,
F102_vapor,bub,375.0,150000.0,160,"(0.5, 0.3, 0.1, 0.1)",locallyInfeasible,108.64129905235984,False,,,,,,,,,,,,
F102_vapor,bub,375.0,150000.0,210,"(0.999, 0.001, 1e-08, 1e-08)",locallyInfeasible,74.18312010194515,False,,,,,,,,,,,,
F102_vapor,bub,375.0,150000.0,210,"(0.5, 0.3, 0.1, 0.1)",locallyInfeasible,108.57990799964769,False,,,,,,,,,,,,
F102_vapor,bub,375.0,150000.0,300,"(0.999, 0.001, 1e-08, 1e-08)",locallyInfeasible,74.33112383155638,False,,,,,,,,,,,,
F102_vapor,bub,375.0,150000.0,300,"(0.5, 0.3, 0.1, 0.1)",convergenceCriteriaSatisfied,371.0907022237327,True,True,1.1102230246251565e-16,9763.397322149562,50.48653166539194,Liquid,Vapor,False,0.09521015678699905,True,0.21785340488329102,False,residual
F102_vapor,bub,375.0,150000.0,400,"(0.999, 0.001, 1e-08, 1e-08)",locallyInfeasible,371.08978932060177,True,,,,,,,,,,,,
F102_vapor,bub,375.0,150000.0,400,"(0.5, 0.3, 0.1, 0.1)",convergenceCriteriaSatisfied,371.0905378846766,True,True,1.1102230246251565e-16,9763.399469462132,50.48653815030434,Liquid,Vapor,False,0.09521055837216014,True,0.41975441642121586,False,residual
F102_vapor,dew,375.0,150000.0,80,"(0.0001, 0.001, 0.5, 0.4989)",convergenceCriteriaSatisfied,755.571660392721,True,True,6.124944995633541e-11,23.984097316977486,23.98409731704945,Unspecified,Unspecified,True,2.940436937618272e-10,False,0.0268774214536468,False,"distinct_root,composition_distance,mass_ordered,residual"
F102_vapor,dew,375.0,150000.0,120,"(0.0001, 0.001, 0.5, 0.4989)",convergenceCriteriaSatisfied,755.4810002035589,True,False,2.12579509550892e-10,23.98702034134174,23.98702034164724,Unspecified,Unspecified,True,1.274450097877054e-09,False,0.1116060352407842,False,"fractions,distinct_root,composition_distance,mass_ordered,residual"
F102_vapor,dew,375.0,150000.0,160,"(0.0001, 0.001, 0.5, 0.4989)",convergenceCriteriaSatisfied,755.6829997680776,True,False,1.25673471629284e-10,23.98050855083873,23.980508550978584,Unspecified,Unspecified,True,4.689834253015264e-10,False,0.04253184758306121,False,"fractions,distinct_root,composition_distance,mass_ordered,residual"
F102_vapor,dew,375.0,150000.0,210,"(0.0001, 0.001, 0.5, 0.4989)",convergenceCriteriaSatisfied,375.2829051991095,True,True,2.220446049250313e-16,9449.291062512008,49.9296792056593,Liquid,Vapor,False,0.15699109972476083,True,0.021667647521187702,False,residual
F102_vapor,dew,375.0,150000.0,300,"(0.0001, 0.001, 0.5, 0.4989)",convergenceCriteriaSatisfied,375.2829051988259,True,True,1.1102230246251565e-16,9449.291062515471,49.92967920570117,Liquid,Vapor,False,0.1569910997249846,True,0.02158791929033427,False,residual
F102_vapor,dew,375.0,150000.0,400,"(0.0001, 0.001, 0.5, 0.4989)",convergenceCriteriaSatisfied,375.2829051967615,True,True,2.220446049250313e-16,9449.29106253856,49.929679206005986,Liquid,Vapor,False,0.15699109972658193,True,0.02156576050848554,False,residual
F102_liquid,bub,375.0,150000.0,80,"(0.999, 0.001, 1e-08, 1e-08)",locallyInfeasible,73.82486749623504,False,,,,,,,,,,,,
F102_liquid,bub,375.0,150000.0,80,"(0.5, 0.3, 0.1, 0.1)",locallyInfeasible,10.000000003308228,False,,,,,,,,,,,,
F102_liquid,bub,375.0,150000.0,120,"(0.999, 0.001, 1e-08, 1e-08)",locallyInfeasible,78.7326437180063,False,,,,,,,,,,,,
F102_liquid,bub,375.0,150000.0,120,"(0.5, 0.3, 0.1, 0.1)",locallyInfeasible,10.000000003308251,False,,,,,,,,,,,,
F102_liquid,bub,375.0,150000.0,160,"(0.999, 0.001, 1e-08, 1e-08)",locallyInfeasible,74.4921543639199,False,,,,,,,,,,,,
F102_liquid,bub,375.0,150000.0,160,"(0.5, 0.3, 0.1, 0.1)",locallyInfeasible,132.42516287275998,False,,,,,,,,,,,,
F102_liquid,bub,375.0,150000.0,210,"(0.999, 0.001, 1e-08, 1e-08)",locallyInfeasible,74.65022341703363,False,,,,,,,,,,,,
F102_liquid,bub,375.0,150000.0,210,"(0.5, 0.3, 0.1, 0.1)",locallyInfeasible,110.31034847180818,False,,,,,,,,,,,,
F102_liquid,bub,375.0,150000.0,300,"(0.999, 0.001, 1e-08, 1e-08)",locallyInfeasible,82.78906705515767,False,,,,,,,,,,,,
F102_liquid,bub,375.0,150000.0,300,"(0.5, 0.3, 0.1, 0.1)",convergenceCriteriaSatisfied,375.48659505117485,True,True,0.0,9434.99187690535,49.90312157245173,Liquid,Vapor,False,0.15923524027678682,True,0.2493044838348548,False,residual
F102_liquid,bub,375.0,150000.0,400,"(0.999, 0.001, 1e-08, 1e-08)",locallyInfeasible,375.48574004567644,True,,,,,,,,,,,,
F102_liquid,bub,375.0,150000.0,400,"(0.5, 0.3, 0.1, 0.1)",convergenceCriteriaSatisfied,375.48629211024365,True,True,0.0,9434.995679543055,49.9031346453599,Liquid,Vapor,False,0.15923684733040708,True,0.6040699153514097,False,residual
F102_liquid,dew,375.0,150000.0,80,"(0.0001, 0.001, 0.5, 0.4989)",convergenceCriteriaSatisfied,161.21208823953648,False,False,1.605291455319957e-09,12059.407273571966,12059.40721952869,Unspecified,Unspecified,False,7.1436924933948045e-09,False,0.5174717084955782,False,"fractions,composition_distance,mass_ordered,residual"
F102_liquid,dew,375.0,150000.0,120,"(0.0001, 0.001, 0.5, 0.4989)",convergenceCriteriaSatisfied,552.7337613473553,True,False,1.648480907334715e-09,33.06434780766673,33.064347814390054,Unspecified,Unspecified,False,7.3597106256051225e-09,False,0.5296135054384951,False,"fractions,composition_distance,mass_ordered,residual"
F102_liquid,dew,375.0,150000.0,160,"(0.0001, 0.001, 0.5, 0.4989)",convergenceCriteriaSatisfied,158.72414626380436,False,False,1.5285694932032357e-09,12095.433798595328,12095.43374786281,Unspecified,Unspecified,False,7.18641930249149e-09,False,0.5198849876207685,False,"fractions,composition_distance,mass_ordered,residual"
F102_liquid,dew,375.0,150000.0,210,"(0.0001, 0.001, 0.5, 0.4989)",convergenceCriteriaSatisfied,381.2676788795815,True,True,0.0,9062.461378925667,49.173766972877,Liquid,Vapor,False,0.19418954424577906,True,0.10437556587738742,False,residual
F102_liquid,dew,375.0,150000.0,300,"(0.0001, 0.001, 0.5, 0.4989)",convergenceCriteriaSatisfied,381.2676788782321,True,True,0.0,9062.461378939974,49.17376697307047,Liquid,Vapor,False,0.19418954424687507,True,0.10428877368796872,False,residual
F102_liquid,dew,375.0,150000.0,400,"(0.0001, 0.001, 0.5, 0.4989)",convergenceCriteriaSatisfied,381.26767887956777,True,True,0.0,9062.461378925816,49.173766972878965,Liquid,Vapor,False,0.1941895442457897,True,0.10426637042245088,False,residual
